Name,Tipo,Modo de Uso,Tempo de Uso,Custo,Origem,Alcançe,Condição de aprendizado,Date
Posicionar e Mirar,Habilidade Característica,Passivo,Imediato,,Mosqueteiro,,,
Alma Ritualística,Habilidade Característica,Passivo,Imediato,,Xamã,Universal,,
Apressar Ritual,Habilidade,Livre,Imediato,1 alma por Hora reduzida,Xamã,Universal,,
Ritual de Proteção,Ritual,Ação,2 Horas,"- 1 Carapaça animal
- 2 de energia",Xamã,"Corpo a Corpo, Universal",,
Ritual de Fervor,Ritual,Ação,2 Horas,"- 2 de energia
- Uma chama",Xamã,"Corpo a Corpo, Universal",,
Ritual de Agilidade,Ritual,Ação,4 horas,"- 2 de energia
- 1 pena",Xamã,"Corpo a Corpo, Universal",,
Manequim de Palha,Ritual,Ação,Imediato,"- 3 de energia
- Um boneco de palha
- Material genético do alvo (Gota de sangue, fio de cabelo, unha…)",Xamã,"Corpo a Corpo, Universal",,
Semente da Amizade,Ritual,Descanso,2 Horas,- 1 semente mágica,"Druidismo, Xamã",,,
"Florescer ",Ritual,Ação,Imediato,"- 2 energia
- 1 punhado de açúcar","Druidismo, Xamã",Corpo a Corpo,,
Semente Mágica,"Receita, Ritual",Descanso,6 meses,"- Um pequeno recipiente com algodão.
- 2 de energia por semente.
- Qualquer número de sementes a serem encantadas.","Druidismo, Xamã",,,
Talismã,"Receita, Ritual",Descanso,2 Horas,"- 1 pequeno objeto de madeira ou qualquer material orgânico.
- 4 de energia
- 1 Gota de sangue do futuro dono","Druidismo, Xamã",,,
Poção Cerimônial,"Receita, Ritual",Descanso,8 horas,"- 1 Cogumelo ou erva alucinógena.
- 1 Frasco de álcool
- 2 de energia","Druidismo, Xamã",,,
Rito de Passagem,Ritual,Descanso,6 Horas,- Poção Cerimonial,"Druidismo, Xamã",,,
Ritual de ligação,Ritual,Ação,Imediato,"- 1 Qualquer tipo de amarra. (Corda, corrente, vinha)
- 4 de energia",Xamã,"Corpo a Corpo, Universal",,
Evocar Natureza,Magia,Ação,Imediato,4 Energia,"Druidismo, Xamã",Longo,,
Treino Corporal,Treinamento,"Evolução, Passivo",Imediato,,"Livre, Treinamentos",,,
Treino de Agilidade,Treinamento,"Evolução, Passivo",Imediato,,"Livre, Treinamentos",,,
Estudo,Treinamento,"Evolução, Passivo",Imediato,,"Livre, Treinamentos",,,
Meditação,Treinamento,"Evolução, Passivo",Imediato,,"Livre, Treinamentos",,,
Treino Exotérico,Treinamento,"Evolução, Passivo",Imediato,,"Livre, Treinamentos",,,
Treino Mental,Treinamento,"Evolução, Passivo",Imediato,,"Livre, Treinamentos",,,
Treino de Resistência,Treinamento,"Evolução, Passivo",Imediato,,"Livre, Treinamentos",,,
Treino de Durabilidade,Treinamento,"Evolução, Passivo",Imediato,,"Livre, Treinamentos",,,
Ritual de Purificação,Ritual,Descanso,4 horas,- 1 Poção cerimonial,Xamã,,,
Ritual de Limpeza,Ritual,Ação,Imediato,"- 1 recipiente de água limpa
- 3 de energia",Xamã,Médio,,
Ritual Forçado,Habilidade,Livre,Imediato,- 1 de alma por item substituído,Xamã,,,
Reza,Ritual,Reação,Imediato,- 1 de energia,Xamã,,,
Rito da Fumaça,Ritual,Descanso,4 horas,"- 1 fogueira acesa
-  1 punhado de ervas
-  3 de energia",Xamã,,,
"Maldição do Manequim ",Habilidade,Passivo,Imediato,,Xamã,,,
Evocar Espírito Animal,Ritual,Ação,Imediato,"- 6 de energia
- 1 Troféu de caça","Druidismo, Xamã",,,
Mestre de Rituais,Habilidade,Passivo,Imediato,,Xamã,,,
Transformação animal,Ritual,Ação,Imediato,- Energia igual ao nível da criatura transformada,"Druidismo, Xamã",,,
Mestre Druída,Habilidade,Passivo,Imediato,,"Druidismo, Xamã",,,
Transformação controlada,Ritual,Reação,Imediato,- Energia igual ao nível da criatura tranformada,"Druidismo, Xamã",,,
Corpo quimera,Habilidade,Passivo,Imediato,,Druidismo,,,
Personificação da natureza,Habilidade,Passivo,Imediato,,Druidismo,,Domine todas as técnicas de druidismo.,
Pele de árvore,Magia,Ação,Imediato,4 de energia,Druidismo,Corpo a Corpo,,
Enraizar,Magia,Ação,Imediato,2 de energia,Druidismo,Corpo a Corpo,,
Pacto Forçado,Habilidade,Passivo,,,Cultista,,,
Vontade das sombras,Habilidade,Passivo,Imediato,,Pacto das Sombras,,Ligação += 10,
Sonhos Proféticos,Habilidade,Descanso,6 Horas,,"Magia da Mente, Pacto das Memórias",,Ligação = 1,
Conexão Mental,Magia,Reação,Imediato,2 de energia,"Magia da Mente, Pacto das Memórias",Longo,Ligação = 4,
Sobrecarregar Mente,Magia,Ação,Imediato,5+,"Magia da Mente, Pacto das Memórias",Longo,Ligação = 8,
Florescer de Paz,Magia,Ação,Imediato,5 de mana por turno ativo.,"Druidismo, Pacto da Grande Mãe",Longo,Ligação = 14,
Lutar pela paz,Habilidade,Passivo,,,Pacto da Grande Mãe,,Ligação = 6,
Paz Purificadora,Habilidade,Passivo,Imediato,,"Druidismo, Pacto da Grande Mãe",,Ligação = 16,
Toque do Berimbau,Música,Ação,1 Turno,- 2 de energia por tuno ativo,Lutador,,,
Contra Golpe,Habilidade,Reação,Imediato,,Lutador,,,
Sequência,Habilidade,Passivo,Imediato,,Lutador,,,
Artes mistas,Habilidade,Passivo,Imediato,,Lutador,,,
Jab,Golpe,Livre,Imediato,,Lutador,Corpo a Corpo,,
Prêmios Da Caçada,Habilidade Característica,Passivo,,,Caçador,,,
Direto,Golpe,Ação,Imediato,- 2 de energia,Lutador,Corpo a Corpo,,
Cruzado,Golpe,Ação,Imediato,- 4 de energia,Lutador,Corpo a Corpo,,
Trocar Base,Habilidade,Passivo,Imediato,,Lutador,,,
Recuperar Fôlego,Habilidade,Ação,Imediato,,Lutador,,,
Trilha sonora,Habilidade Característica,Passivo,Imediato,,Bardo,,,
Perturbação Sonora,Habilidade,Ação,1 Turno,3 de mana,Bardo,,,
Rock Pesado,Música,Ação,1 Turno,4 de mana por turno ativo,Bardo,,,
"Musica Dançante ",Música,Ação,1 Turno,4 de mana por turno ativo,Bardo,,,
Canção de reavivamento,Música,Ação,1 Turno,7 de mana por turno ativo,Bardo,,,
Golpes leves,Habilidade,Passivo,Imediato,,Livre,,,
Estilo imprevisível,Habilidade,Passivo,Imediato,,"Lutador, Samurai",,,
Iaidô,Habilidade,"Passivo, Reação",Imediato,,Samurai,,,
Acertos Precisos,Habilidade,Passivo,Imediato,,Livre,,,
Golpes Pesados,Habilidade,Passivo,Imediato,,Livre,,,
Estilo Especial: Raio de Prata,Técnica inigualável,Passivo,Imediato,,Samurai,,Treine como discípulo de Kyojuro Kapuri,
Estilo Especial: Javali,Técnica inigualável,Passivo,Imediato,,Samurai,,Treine como discípulo do mestre Javali,
Fragmentar Atacante,Habilidade,Passivo,Imediato,,"Lutador, Samurai",,,
Tornado,Magia,Ação,Imediato,6 de mana + 3 por turno ativo,Magia de Vento,Médio,,
Tornado Elemental,Magia,Evolução,Imediato,,Magia de Vento,,,
Imortalidade por Sangue,Habilidade Inata,"Descanso, Passivo",8 horas,Uma quantidade razoável de Sangue,"Hemomancia, Vampiro",Si Mesmo,Habilidade inicial da Raça Vampiro,
Mago Mestre de Familiares,Habilidade,Passivo,,,Mago,,,
Laço Familiar,Compania,Evolução,,,Mago,,,
Contos de Fogueira,Habilidade,Descanso,2 Horas,,Malandro,,,
Se esconder,Habilidade,Ação,Imediato,4 de mana,Malandro,,,
Passo Astuto,Habilidade,Ação,Imediato,2 de mana,Malandro,,,
Acerto Motivador,Habilidade,Passivo,Imediato,,"Berserker, Lutador, Malandro, Samurai",,,
Acerto Revigorante,Habilidade,Passivo,Imediato,,"Berserker, Lutador, Malandro, Samurai",,,
Instinto assassino,Habilidade,Passivo,,,"Berserker, Caçador, Malandro, Samurai",Si Mesmo,,
Armadilha Explosiva,Habilidade,Descanso,1 Turno,1 Explosivo Improvisado.,Malandro,,,
Armadilha Cortante,Receita,Descanso,Minutos,1 lâmina,"Caçador, Malandro",,,
Faro pra Armadilha,Habilidade,Descanso,Minutos,3 de mana,"Caçador, Malandro",,,
Executar,Golpe,Ação,Imediato,4 de mana,Malandro,,,
Ataque furtivo,Habilidade,Passivo,,,Malandro,,,
Fingir de Morto,Habilidade,Morrendo,Imediato,,Malandro,,,
Explosivo improvisado,Receita,Descanso,2 Horas,"Peças de metal, Pólvora.",Malandro,,,
Ferramentas de Arrombamento,Receita,Descanso,2 Horas,Peças de metal,Malandro,,,
Bomba de fumaça,Receita,Descanso,4 horas,"Fogo de alquimista, Ervas, Açúcar",Malandro,,,
Matador de aluguel,Habilidade,Passivo,,,Malandro,,,
"Pancada Na Cabeça ",Golpe,Ação,Imediato,3 de mana,Malandro,,,
Chutar areia,Golpe,Ação,Imediato,2 de mana,Malandro,,,
Loot Aprimorado,Habilidade,Passivo,,,Malandro,,,
Gambiarra,Receita,Ação,Imediato,"Objetos aleatórios, 4 de mana",Malandro,,,
"Mão leve ",Habilidade,Reação,Imediato,2 de mana,Malandro,,,
Vocação pra Vocallista,Habilidade,Passivo,,,Bardo,,,
Acorde Final,Habilidade,Ação,Imediato,10 de mana.,Bardo,,,
Illusão Dissonante,Magia,Ação,Imediato,4 de mana,Bardo,,,
Provocação Sonora,Magia,Ação,Imediato,3 de mana,Bardo,,,
Alma Musical,Habilidade,Passivo,,,Bardo,,,
Pé de Valsa,Habilidade,Passivo,,,Bardo,,,
Música persistente,Habilidade,Passivo,,,Bardo,,,
Transição de Ritmo,Habilidade,Reação,Imediato,,Bardo,,,
Espirito de Banda,Habilidade,Passivo,,,Bardo,,,
Notas Precisas,Habilidade,Passivo,,,Bardo,,,
Tocar com a Alma,Habilidade,Passivo,,,Bardo,,,
Arranjo Musical,Habilidade,Passivo,,,Bardo,,,
Passo de Dança,Habilidade,Livre,Imediato,,Bardo,,,
Ritmo Viciante,Música,Ação,1 Turno,4 de mana por turno ativo.,Bardo,,,
Melodia Melancólica,Música,Ação,1 Turno,2 de mana por tuno ativo.,Bardo,,,
Melodia de Resistência,Música,Ação,1 Turno,3 de mana por turno ativo,Bardo,,,
Melodia Purificadora,Música,Ação,1 Turno,3 de mana por turno ativo,Bardo,,,
Melodia Ácida,Música,Ação,1 Turno,3 de mana por tuno ativo,Bardo,,,
Melodia Restauradora,Música,Ação,1 Turno,4 de mana por turno ativo,Bardo,,,
Musicista Versátil,Habilidade,Passivo,,,Bardo,,,
Vampirismo,Habilidade Inata,Reação,Imediato,,"Hemomancia, Vampiro",Corpo a Corpo,Habilidade inicial da Raça Vampiro,
Faro de sangue,Habilidade,Passivo,Imediato,,"Hemomancia, Vampiro",Universal,,
Forja sanguínea,Magia,Ação,Imediato,"6 de vida, 2 de energia",Hemomancia,Corpo a Corpo,,
Transfusão de mana,Habilidade,Reação,Imediato,3 de vida,Hemomancia,Si Mesmo,,
Manipulação do Sangue,Habilidade Característica,Passivo,Imediato,,Hemomancia,Si Mesmo,,
Imbuir Magia,Habilidade,Livre,Imediato,,Mago,,,
Magia rápida,Habilidade,Reação,Imediato,2 mana,Mago,,,
Otimizar grimório,Treinamento,Evolução,Imediato,,Mago,,,
Estudar grimório,Habilidade,Descanso,4 horas,,Mago,,,
Autor de Magias,Habilidade,Aprender,Imediato,,Mago,,,
Melhorar Magia,Habilidade,Aprender,Imediato,,Mago,,,
Concentrar Mana,Habilidade,Ação,Imediato,,"Feiticeiro, Mago, Monge",,,
Magigenharia Reversa,Habilidade,Descanso,2 Horas,,Mago,,,
Transcrição de Magia,Habilidade,Descanso,2 Horas,,Mago,,,
Magia do Aprendizado,Habilidade Característica,Aprender,,,Mago,,,
Descedente de Aster,Habilidade Inata,"Aprender, Passivo",,,Asteriano,,Habilidade inicial da raça Asteriano,
Ritual Antropofágico,"Habilidade Inata, Ritual",Descanso,8 horas,Uma parte de um inimigo derrotado,Goblin,,Habilidade inicial da raça Goblin,
Descensão,Habilidade Inata,"Evolução, Passivo",,,Infernal,,Habilidade inicial da raça Infernal,
Guiado pelo ódio,Habilidade Inata,Passivo,,,Orc,,Habilidade inicial da raça Orc,
Versatilidade Humana,Habilidade Inata,Passivo,,,Humano,,Habilidade inicial da raça Humano,
Aprendizado Adaptado,Habilidade Inata,Passivo,,,Humano,,,
Afinidade com as Trevas,Habilidade Inata,Passivo,,,"Drow, Magia Proibida",,Habilidade inicial da raça ”Drow”,
Conhecimento de Eras,Habilidade Inata,Passivo,,,Élfico,,Habilidade inicial da raça Elfo,
Doppleganger,Habilidade Inata,Ação,Imediato,5 de mana,Doppleganger,,Habilidade inicial da raça Doppleganger,
Imitação da Alma,Habilidade Inata,Passivo,,,Doppleganger,,,
Cópia perfeita,Habilidade Inata,Passivo,,,Doppleganger,,,
Herança Dracônica,Habilidade Inata,Passivo,,,Dracônico,Si Mesmo,Habilidade Inicial da classe Draconato,
Escamas de Dragão,Habilidade Inata,"Evolução, Passivo",,,Dracônico,Si Mesmo,Ganho a partir de “Herança Dracônica”,
Asas de Dragão,Habilidade Inata,"Ação, Evolução",Imediato,,Dracônico,Si Mesmo,Ganho a partir de “Herança Dracônica”,
Sopro de Dragão,Habilidade Inata,"Ação, Evolução",Imediato,3 de energia,Dracônico,Médio,Ganho a partir de “Herança Dracônica”,
Esmagar Contra o Chão,Golpe,Ação,Imediato,4 de energia,Lutador,Corpo a Corpo,,
Elbow Drop,Golpe,Ação,Imediato,4 de energia,Lutador,Corpo a Corpo,,
"Ascenção Dracônica ",Habilidade Inata,Ação,Imediato,4 de energia por turno ativo,Dracônico,Si Mesmo,,
Baforada Do Dragão,Habilidade Inata,Passivo,,,Dracônico,Si Mesmo,,
Sopro Potente,Habilidade Inata,Passivo,,,Dracônico,Si Mesmo,,
Escamas Eternas,Habilidade Inata,Passivo,,,Dracônico,Si Mesmo,,
Escamas Sólidas,Habilidade Inata,Passivo,,,Dracônico,Si Mesmo,,
Meteoro do Dragão,Habilidade Inata,Passivo,,,Dracônico,Si Mesmo,,
Estado de Foco,Habilidade Característica,Ação,,,Monge,,,
Crítico Aprimorado,Habilidade,Passivo,,,Malandro,,,
Aprendizado das Ruas,Habilidade Característica,"Evolução, Passivo",,,Malandro,,,
Impulso de Chi,Habilidade,Reação,Imediato,3 de energia,Monge,,,
Práticas Zen,Habilidade,Descanso,2 Horas,,Monge,,,
Foco Imparável,Habilidade,Passivo,,,Monge,,,
Chi Regenerativo,Habilidade,Passivo,,,Monge,,,
Lâmina de Chi,Golpe,Ação,Imediato,3 de energia,Monge,,,
Aura Purificadora,Magia,Ação,Imediato,4 de energia,Monge,Médio,,
Foco Infinito,Habilidade,Passivo,,,Monge,,,
"Foco Persistente ",Habilidade,Passivo,,,Monge,,,
Rajada Pasciente,Habilidade,"Ação, Passivo",,1 de energia por turno,Monge,,,
Rajada destrutiva,Habilidade,Passivo,,,Monge,,,
Rajada Potente,Habilidade,Passivo,,,Monge,,,
Rajada de Chi,Golpe,Ação,1 Turno,4 de energia,Monge,Médio,,
Compartilhar Chi,Habilidade,Ação,Imediato,3 de energia,Monge,Corpo a Corpo,,
Corpo Equilibrado,Habilidade,Passivo,,,Monge,,,
Fúria Astral,Habilidade,Morrendo,,,Monge,,,
Impacto na Alma,Habilidade,Passivo,,,Monge,,,
Meditação,Habilidade,Descanso,4 horas,,Monge,,,
Armadura de Chi,Habilidade,Passivo,,,Monge,,,
Mente Vazia,Habilidade,Passivo,,,Monge,,,
Nirvana,Habilidade,Passivo,,,Monge,,,
Clone das Sombras,Magia,Ação,Imediato,5 de energia,"Magia Proibida, Magia das Sombras, Pacto das Sombras",Corpo a Corpo,Ligação += 5,
Forma das Sombras,Habilidade,Passivo,,,"Magia Proibida, Magia das Sombras, Pacto das Sombras",,Ligação += 7,
Coletar Alma,Ritual,Descanso,1 Hora,"Recipiente de Almas, Cadáver recém morto.",Necromancia,,,
"Recipiente de Almas ",Receita,Descanso,4 horas,"1 recipiente de cerâmica ou vidro, 1 punhado de pó de cristal negro.",Necromancia,,,
Consumir Almas,Magia,Ação,,,Necromancia,Médio,,
"Encarnar ",Magia,Ação,,5 de energia,Necromancia,Corpo a Corpo,,
"Desencarnar ",Magia,Ação,,5 de energia,Necromancia,Corpo a Corpo,,
"Memórias da Alma ",Habilidade,Passivo,,,Necromancia,,,
"Levantar Cadáver ",Magia,Ação,,4 de energia por cadáver,Necromancia,Médio,,
"Evocar Espírito ",Ritual,Ação,,"1 Alma, 4 de energia",Necromancia,,,
Reservatório de almas,Habilidade,Passivo,,,Necromancia,,,
Descanso Exotérico,Habilidade,Descanso,2 Horas,,Xamã,,,
Gloria das Arenas,Habilidade Característica,Passivo,,,Gladiador,,,
Desarmar,Golpe,Ação,Imediato,,Gladiador,Corpo a Corpo,,
Chute Frontal,Golpe,Ação,Imediato,2 de energia,Gladiador,Corpo a Corpo,,
Acerto Extravagante,Habilidade,Passivo,,,Gladiador,,,
Pancada Corporal,Golpe,Ação,Imediato,3 de energia.,"Cavaleiro, Gladiador",Corpo a Corpo,,
Gladiador Versátil,Habilidade,Passivo,,,Gladiador,,,
Empurar e Puxar,Habilidade,Reação,,"- 2 de energia ",Gladiador,,,
Estilo Dimachaerus,Habilidade,"Evolução, Passivo",,,Gladiador,,,
Estilo Provocator,Habilidade,"Evolução, Passivo",,,Gladiador,,,
Estilo Hoplomachus,Habilidade,"Evolução, Passivo",,,Gladiador,,,
Estilo Secutor,Habilidade,"Evolução, Passivo",,,Gladiador,,,
Estilo Retiarus,Habilidade,"Evolução, Passivo",,,Gladiador,,,
Estilo Tharex,Habilidade,"Evolução, Passivo",,,Gladiador,,,
Estilo Murmillio,Habilidade,"Evolução, Passivo",,,Gladiador,,,
Footwork,Habilidade,Livre,Imediato,,Lutador,,,
"Chute Giratório ",Golpe,Ação,Imediato,- 3 de energia,Lutador,Corpo a Corpo,,
Voadora,Golpe,Ação,Imediato,- 2 de energia,Lutador,Corpo a Corpo,,
Joelhada,Golpe,Ação,Imediato,- 3 de energia,Lutador,Corpo a Corpo,,
Arremessar,Golpe,Ação,Imediato,- 2 de energia,Lutador,Médio,,
Agarrão Imediato,Habilidade,Passivo,,,Lutador,,,
Ataque Esmagador,Habilidade,Passivo,,,Lutador,,,
"Golpes Destruidores ",Habilidade,Passivo,,,Lutador,,,
Pisar,Golpe,Ação,Imediato,- 1 de energia,Lutador,Corpo a Corpo,,
Escudo Humano,Habilidade,Reação,Imediato,,Lutador,,,
Golpe na Aterrizada,Golpe,Reação,Imediato,2 de energia,"Berserker, Gladiador, Lutador",Corpo a Corpo,,
Salto Potente,Habilidade,Reação,Imediato,,"Berserker, Gladiador, Lutador",,,
Avanço Descontrolado,Habilidade,Passivo,,,"Berserker, Gladiador, Lutador",,,
Atropelar,Habilidade,"Ação, Movimento",Imediato,5 de energia,"Berserker, Gladiador, Lutador",,,
Precisão Pesada,Habilidade,Passivo,,,Berserker,,,
Estilo Bestiarius,Habilidade,"Evolução, Passivo",,,Gladiador,,,
Plot Armor,Habilidade,Passivo,,,Gladiador,,,
Manter Prestígio,Habilidade,Passivo,,,Gladiador,,,
Orgulho das Marcas,Habilidade,Passivo,,,Gladiador,,,
Dor Ignorada,Habilidade,Livre,Imediato,,Gladiador,,,
Lamber as feridas,Habilidade,Descanso,2 Horas,,Gladiador,,,
Não Posso Perder,Habilidade,Passivo,Imediato,,Gladiador,,,
Intimidar,Habilidade,Reação,Imediato,2 de energia,Gladiador,Médio,,
Até a Morte,Habilidade,Morrendo,Imediato,,Gladiador,,,
Execução Extravagante,Habilidade,Ação,Imediato,4 de energia,Gladiador,Corpo a Corpo,,
Diplomacia,Habilidade Característica,Passivo,Imediato,,"Aventureiro, Diplomata",,,
Enrolar,Habilidade,Ação,1 Turno,,"Aventureiro, Diplomata",,,
Discurso de Motivação,Habilidade,Descanso,2 Horas,,"Aventureiro, Diplomata",,,
Último Pedido,Habilidade,Morrendo,Imediato,,Diplomata,,,
Ying,Língua,,,,Diplomata,,,
Kalasariano,Língua,,,,Diplomata,,,
Saa-bachiano,Língua,,,,Diplomata,,,
Élfico,Língua,,,,"Diplomata, Élfico",,,
Poliglota,Habilidade,"Evolução, Passivo",,,Diplomata,,,
Tokkariano,Língua,,,,Diplomata,,,
"Banquete ",Habilidade Característica,Descanso,2 Horas,,"Aventureiro, Cozinheiro",,,
Petisco Doce,Receita,Reação,Imediato,"- 1 Punhado de açúcar
",Cozinheiro,,,
Petisco Generoso,Receita,Reação,Imediato,- 1 Componente a sua escolha,Cozinheiro,,,
Petisco Picante,Receita,Reação,Imediato,- 1 Pimenta,Cozinheiro,,,
"Petisco Saudável ",Receita,Reação,Imediato,- 1 fruta ou 1 vegetal,Cozinheiro,,,
Entrada Generosa,Receita,Evolução,,- 1 Componente a sua escolha,Cozinheiro,,,
Sobremesa Açucarada,Receita,Evolução,,"- 1 Punhado de açúcar
- 1 Componente a sua escolha",Cozinheiro,,,
Salada de Ervas,Receita,Evolução,,- 3 Ervas,Cozinheiro,,,
Petisco Picante,Receita,Evolução,,- 1 Pimenta,Cozinheiro,,,
Conquistar Pelo Estômago,Habilidade,Passivo,,,Cozinheiro,,,
Livro de Receitas,Habilidade,Aprender,Imediato,,Cozinheiro,,,
Empilhando Vitórias,Habilidade Característica,"Morrendo, Passivo",,,"Aventureiro, Combatente",,,
Resistência Vitoriosa,Habilidade,Passivo,,,Combatente,,,
Vitória da Sorte,Habilidade,Passivo,,,Combatente,,,
Vitória Mantida,Habilidade,Passivo,,,Combatente,,,
Esquiva Vitoriosa,Habilidade,Reação,,-1 ponto de Vitória,Combatente,,,
Golpe Vitórioso,Habilidade,Passivo,,,Combatente,,,
Surto de Combate,Habilidade,Livre,Imediato,- 3 pontos de Vitória,Combatente,,,
Pausa Para Respirar,Habilidade,Ação,Imediato,-  2 de Energia,Combatente,,,
Vitória Assassino,Habilidade,Livre,Imediato,- 1 ponto de Vitória,Combatente,,,
Práticas de Medicina,Habilidade Característica,Ação,Imediato,,"Aventureiro, Médico",Corpo a Corpo,,
Movido pela glória,Habilidade,Livre,,,Gladiador,,,
Instalar Prótese,Habilidade,Descanso,8 horas,"- 1 Carga do “Kit de Medicina”
- 1 Prótese",Médico,,,
Tratar condição,Habilidade,Reação,Imediato,- 1 Carga do “Kit de Medicina”,Médico,,,
"Antidoto ",Receita,Descanso,2 Horas,"- 1 Carga do “Kit de Medicia”
- Uma amostra do veneno a ser curado.",Médico,,,
Anestesia,Receita,Descanso,2 Horas,- 2 Cargas de “Kit de Medicina”,Médico,,,
Cirurgia de Restauração,Habilidade,Descanso,8 horas,- 1 Carga de “Kit de medicina”,Médico,,,
Esteroides,Receita,Descanso,2 Horas,- 2 Cargas de “Kit de medicina”,Médico,,,
Primeiros Socorros,Habilidade,Ação,1 Turno,- 1 Carga de “Kit de medicina”,Médico,Corpo a Corpo,,
Cura de Batalha,Habilidade,Passivo,,,Médico,,,
Trabalho na Forja,Habilidade Característica,Descanso,"2 Horas, 4 horas, 8 horas",,"Aventureiro, Forjador",,,
Criação Mágica,Habilidade,Evolução,,1 Carga do kit,Forjador,,,
Criação Aprimorada,Habilidade,Evolução,,1 Carga do kit,Forjador,,,
"Forja Criadora ",Habilidade,Evolução,8 horas,3 Cargas do Kit,Forjador,,,
"Munição Incandescente ",Receita,Descanso,2 Horas,1 Carga do kit a cada 3,Forjador,,,
"Munição Explosiva ",Receita,Descanso,2 Horas,1 Carga do kit a cada 3,Forjador,,,
Martelar com Força,Habilidade,Passivo,,,Forjador,,,
Forja Mágica,Habilidade,Evolução,8 horas,"5 de energia, 2 cargas do kit.",Forjador,,,
Martelar o ferro,Golpe,Ação,,-3 de energia,Forjador,Corpo a Corpo,,
Conhecer o Passado,Habilidade,Passivo,,,"Arqueólogo, Aventureiro",,,
Caminho sem Volta,Habilidade,Evolução,,,Pacto das Sombras,,Ligação += 15,
Evocar sombra,Habilidade,Ação,,"1 de energia ","Magia das Sombras, Pacto das Sombras",,Ligação += 1,
Dimensão de Sombras,Habilidade,Ação,Imediato,5 de energia por turno ativo,Pacto das Sombras,,Ligação += 15,
Pacto das Sombras,Habilidade Característica,Evolução,,,"Cultista, Pacto das Sombras",Si Mesmo,,
Troca Sombria,Habilidade,Reação,Imediato,3 de energia,"Magia das Sombras, Pacto das Sombras",Em Cena,Ligação += 12,
Mergulhar nas sombras,Habilidade,"Ação, Livre, Reação",,4 de energia ao mergulhar,"Magia das Sombras, Pacto das Sombras",Em Cena,Ligação += 13,
Mapear,Habilidade,Descanso,4 horas,,Arqueólogo,,,
Reconhecer Personalidades,Habilidade,Passivo,,,Arqueólogo,,,
Poder Ancestral,Habilidade,Passivo,,,Arqueólogo,,,
Caçador de Relíquias,Habilidade,Passivo,,,Arqueólogo,,,
Trabalho de Tradução,Habilidade,Descanso,4 horas,,Arqueólogo,,,
Olímpico,Língua,,,,Arqueólogo,,,
Dracônico,Língua,,,,"Arqueólogo, Dracônico",,,
Pacto,Habilidade Característica,Passivo,,,,,,
"Sangue Incontrolável ",Habilidade,Passivo,,,Hemomancia,Si Mesmo,,
Derramar Sangue,Habilidade,Passivo,,,Hemomancia,Si Mesmo,,
Conquistar o Sol,Habilidade Inata,Evolução,,,Vampiro,Si Mesmo,,
Corpo de Vampiro,Habilidade Inata,Evolução,,,Vampiro,Si Mesmo,,
Criar Sangue,Habilidade,Ação,Imediato,1 de energia por cada 1 de vida convertida.,Hemomancia,Si Mesmo,,
Sangria Universal,Habilidade,Passivo,,,Hemomancia,,,
"Hemorragia ",Magia,Ação,Imediato,"2 de energia ",Hemomancia,Médio,,
Reconstruir Carne,Magia,Ação,Imediato,"3 de vida, 3 de energia. (+3 de vida por uso)",Hemomancia,Médio,,
Construto de sangue (Incompleto),"Compania, Magia","Ação, Descanso, Reação","1 Turno, 8 horas, Imediato",Vida igual a vida do construto invocado.,Hemomancia,,,
Controle Do Fluxo,Habilidade,Passivo,,,Hemomancia,Si Mesmo,,
Hemocinese,Magia,"Ação, Livre, Movimento, Reação",Imediato,1 de energia,Hemomancia,Em Cena,,
Surto de Adrenalina,Habilidade,Livre,,,Hemomancia,Si Mesmo,,
Corte de Sangue,Golpe,Ação,,"4 de vida, 2 de energia",Hemomancia,Corpo a Corpo,,
Infectar Sangue,Habilidade,Passivo,,,Hemomancia,,,
Poça de Sangue,Magia,Ação,,"10 de vida, 2 de energia.",Hemomancia,Em Cena,,
Disparo de Sangue,Magia,Ação,Imediato,"6 de vida, 2 de energia.",Hemomancia,Longo,,
Coagular,Magia,Reação,Imediato,2 de energia,Hemomancia,Médio,,
Deus do sangue,Técnica inigualável,Passivo,Imediato,,Hemomancia,Em Cena,Pertencente ao Deus Amon,
Despedida Escarlate,Magia,"Ação, Morrendo",Imediato,5 de energia,Hemomancia,Si Mesmo,,
Sangria Absoluta,Habilidade,Passivo,Imediato,,Hemomancia,Médio,,
Armadura de Sangue,Magia,"Ação, Reação",Imediato,"5 de vida e 5 de energia, por turno ativo.",Hemomancia,Corpo a Corpo,,
"Romper Veia ",Magia,Reação,Imediato,"2 de vida, 1 de energia.",Hemomancia,Médio,,
Esforço sanguíneo,Habilidade,Livre,Imediato,1d6 de vida,Hemomancia,Si Mesmo,,
Visão Analítica,Habilidade,Passivo,Imediato,,Mago,,,
"Sombra Indiferente ",Habilidade,Evolução,,,Pacto das Sombras,,,
Sombra Acumuladora,Habilidade,Evolução,,,Pacto das Sombras,,,
Sombra Controladora,Habilidade,Evolução,,,Pacto das Sombras,,,
Sombra Faminta,Habilidade,Evolução,,,Pacto das Sombras,,,
Sombra Furiosa,Habilidade,Evolução,,,Pacto das Sombras,,,
Sombra Arrogante,Habilidade,Evolução,,,Pacto das Sombras,,,
Sombra Possessiva,Habilidade,Evolução,,,Pacto das Sombras,,,
Caminho do Cavaleiro,Habilidade Característica,Passivo,,,Cavaleiro,Si Mesmo,,
Tomar a Frente,Habilidade,Passivo,Imediato,,Cavaleiro,Si Mesmo,,
Montaria Leal,Compania,Passivo,,,Cavaleiro,Si Mesmo,,
Liderança Montada,"Compania, Habilidade",Passivo,,,Cavaleiro,"Em Cena, Si Mesmo",,
"Corte Giratório ",Golpe,Ação,,3 de energia,Cavaleiro,"Corpo a Corpo, Longo, Médio",,
"Ataque montado ",Habilidade,Passivo,Imediato,,Cavaleiro,Si Mesmo,,
Deixa que eu te defendo,Habilidade,Reação,Imediato,2 de energia,Cavaleiro,Movimento,,
Flagelo,Habilidade,Morrendo,Imediato,,Hemomancia,Si Mesmo,,
Armadura de Espinhos,Habilidade,Passivo,,,Cavaleiro,Corpo a Corpo,,
Punho firme,Habilidade,Passivo,,,Cavaleiro,Si Mesmo,,
Cavalaria Armadurada,"Compania, Habilidade",Passivo,,,Cavaleiro,Si Mesmo,,
Não Vai Passar,Habilidade,Reação,Imediato,,Cavaleiro,Movimento,,
Capacetada,Golpe,Ação,Imediato,2 de energia,Cavaleiro,Corpo a Corpo,,
"inderrubável ",Habilidade,Passivo,Imediato,,Cavaleiro,Si Mesmo,,
Discurso na fogueira,Habilidade,Descanso,4 horas,,Cavaleiro,Em Cena,,
Armadura Quebrada,Habilidade,Morrendo,Imediato,,Cavaleiro,Si Mesmo,,
Pela Honra dos Caídos,Habilidade,Passivo,,,Cavaleiro,Si Mesmo,,
Avante !!!,Habilidade,Ação,Imediato,4 de energia,Cavaleiro,Si Mesmo,,
Sacrificar Escudo,Habilidade,Reação,Imediato,3 de energia,Cavaleiro,Corpo a Corpo,,
Ordem Rápida,Habilidade,Reação,Imediato,,Cavaleiro,Em Cena,,
Veterano Carrasco,Habilidade,Passivo,Imediato,,Cavaleiro,Em Cena,,
Observação rápida,Habilidade,Turno,Imediato,,Caçador,Em Cena,,
Companheiro Animal,Compania,Evolução,,,Caçador,Si Mesmo,,
Mestre de Matilha,Compania,Evolução,,,Caçador,Si Mesmo,,
"Ordem Do Leviatan ",Técnica inigualável,Passivo,,,Caçador,Si Mesmo,,
Mestre de feras,Compania,Evolução,,,Caçador,Si Mesmo,,
Caçada múltipla,Habilidade,Evolução,,,Caçador,Si Mesmo,,
Caça Valiosa,Habilidade,Passivo,,,Caçador,,,
Caça Revigorante,Habilidade,Passivo,,,Caçador,Si Mesmo,,
Acerto de Rastreio,Habilidade,Passivo,Imediato,,Caçador,,,
Abater Presa,Habilidade,Ação,Imediato,4 de energia,Caçador,,,
"Implantar Armadilha ",Habilidade,Descanso,Minutos,,Caçador,,,
Implantação rápida,Habilidade,Ação,Imediato,"2 de energia ",Caçador,,,
"Caçador Resistente ",Habilidade,Passivo,Imediato,,Caçador,,,
Amuleto da Caçada,Receita,Descanso,4 horas,Troféu de Caça,Caçador,,,
Noção do Caçador,Habilidade,Passivo,Imediato,,Caçador,,,
Ataque Debilitante,Habilidade,Ação,Imediato,,Caçador,,,
Relíquias das Caças,Habilidade,Passivo,Imediato,,Caçador,,,
Armadilha Perfurante,Receita,Descanso,1 Hora,1 objeto perfurante,"Caçador, Malandro",,,
Armadilha de Concussão,Receita,Descanso,1 Hora,1 objeto pesado,"Caçador, Malandro",,,
"Armadilha Inflamável ",Receita,Descanso,1 Hora,"Material inflamável, fonte de fogo.",Malandro,,,
Dardo venenoso,Receita,Descanso,2 Horas,"Dardos, Frasco de veneno",Caçador,,,
"Técnicas de Sobrevivência ",Habilidade,Passivo,,,Caçador,,,
"Modo Berserker ",Habilidade Característica,Turno,,,Berserker,Si Mesmo,,
Sangue de Soldado,Receita,Descanso,2 Horas,"- 1 bebida alcoólica
- 1 Pimenta Vermelha",Berserker,Si Mesmo,,
Fúria imortal,Habilidade,Morrendo,,,Berserker,Si Mesmo,,
Fúria Inacabável,Habilidade,Passivo,,,Berserker,Si Mesmo,,
Armadura de Músculos,Habilidade,Passivo,,,Berserker,,,
Urro Furioso,Música,Ação,,"- 4 de energia
- 2 de Fúria",Berserker,Em Cena,,
Quanto maior Melhor,Habilidade,Passivo,,,Berserker,,,
Sequência Mortal,Habilidade,Reação,,1 de energia,Berserker,,,
Descontrole,Habilidade,Ação,,3 de Energia,Berserker,Si Mesmo,,
Probabilidade Mortal,Habilidade,Passivo,,,Berserker,,,
Guerreiro Empático,Habilidade,Passivo,,,Berserker,,,
Massacre,Habilidade,Passivo,,1 de energia,Berserker,Si Mesmo,,
Fúria Imparável,Habilidade,Passivo,,,Berserker,Si Mesmo,,
Descontar Raiva,Habilidade,Livre,Imediato,- 2 de Fúria,Berserker,,,
Experiência de Pilhagem,Habilidade,Passivo,,,Berserker,,,
Movido Pelo ódio,Habilidade,Movimento,,,Berserker,,,
Mana Furiosa,Habilidade,Passivo,Imediato,,Berserker,,,
Acúmulo de vigor,Habilidade,Passivo,Imediato,,Berserker,,,
Até a Falha,Golpe,Ação,,Consome toda fúria e energia,Berserker,Corpo a Corpo,,
Fúria Ociosa,Habilidade,Passivo,,,Berserker,,,
Calma Gradual,Habilidade,Passivo,Imediato,,Berserker,,,
Vigor Pós Luta,Habilidade,Passivo,Imediato,,Berserker,,,
Explosão Controlada,Habilidade,"Evolução, Passivo",,,Berserker,Si Mesmo,,
"Estilo da Espada dançante ",Técnica inigualável,"Movimento, Passivo",,,Samurai,,,
Devolver Projétil,Habilidade,Passivo,Imediato,,Samurai,Médio,,
Aparar e Cortar,Golpe,Reação,Imediato,1 de energia,Samurai,Corpo a Corpo,,
Aparar,Habilidade,Reação,Imediato,,Samurai,,,
Aprimorar Aparar,Habilidade,Evolução,,,Samurai,,,
Código de Honra,Habilidade Característica,,,,Samurai,Si Mesmo,,
Domínio do Espadachim,Habilidade,Ação,,3 de energia,Samurai,,,
Golpes Leves,Habilidade,Passivo,,,Samurai,,,
Seppuku,Ritual,Descanso,8 horas,,Samurai,,,
Ataques Letais,Habilidade,Passivo,,,Samurai,,,
Ataques Precisos,Habilidade,Passivo,,,Samurai,,,
Empunhadura Dupla,Habilidade,Passivo,,,Samurai,,,
Passo Errante,Habilidade,Movimento,,,Samurai,,,
Avanço Cortante,Golpe,Ação,,4 de energia,Samurai,,,
Espirito Inquebrável,Habilidade,Morrendo,,,Samurai,,,
Caminho do Meio,Habilidade,Evolução,,,Samurai,,,
aPARar,Habilidade,Passivo,,,Samurai,,,
"Bater e Correr ",Habilidade,Movimento,,,Samurai,,,
Tiro Perfurante,Habilidade,Passivo,,,Mosqueteiro,,,
Chute Frontal,Golpe,Ação,,3 de energia,Mosqueteiro,Corpo a Corpo,,
Pente Rápido,Habilidade,Livre,,,Mosqueteiro,,,
Coronhada,Golpe,Reação,,2 de energia.,Mosqueteiro,Corpo a Corpo,,
Tiro de Aviso,Habilidade,Reação,,,Mosqueteiro,Em Cena,,
Otimizar Tempo,Habilidade,Ação,,,Mosqueteiro,,,
Disparo Anti-Bunker,Disparo,Ação,,3 de energia,Mosqueteiro,,,
Fire in The hole,Habilidade,Livre,,,Mosqueteiro,,,
Detonação Antecipada,Disparo,Reação,Imediato,,Mosqueteiro,,,
Headshot,Habilidade,Passivo,,,Mosqueteiro,,,
Substituição Veloz,Habilidade,Livre,Imediato,,Mosqueteiro,,,
Saque rápido,Habilidade,Livre,,2 de energia.,Mosqueteiro,,,
Letalidade Garantida,Habilidade,Livre,,,Mosqueteiro,,,
Atirador de Elite,Habilidade,Passivo,,,Mosqueteiro,Longo,,
Descanso Protegido,Habilidade,Passivo,,,Mosqueteiro,,,
Alvo Vulnerável,Disparo,Livre,,2 de energia,Mosqueteiro,,,
Posicionamento Mortal,Habilidade,Evolução,,,Mosqueteiro,,,
Munição improvisada,Habilidade,Ação,,,Mosqueteiro,,,
Ordem de Marcha,Habilidade,Movimento,,,Mosqueteiro,,,
Olhos de Águia,Habilidade,Passivo,,,Mosqueteiro,,,
Rolamento Tático,Habilidade,Livre,,,Mosqueteiro,,,
Caitar,Disparo,Movimento,,,Mosqueteiro,,,
Descarregar Pente,Disparo,"Ação, Reação",,6 de energia,Mosqueteiro,,,
Minha Última Magia,Habilidade,"Livre, Morrendo",Imediato,,Mago,,,
Herança Mágica,Habilidade Característica,Passivo,,,Enfeitiçado,,,
Herança Diversa,Habilidade,Evolução,,,Enfeitiçado,,,
Multi-Alvo,Habilidade,Evolução,,5PP,Enfeitiçado,,,
Aprendizado Prático,Habilidade,Descanso,8 horas,8PPs,Enfeitiçado,,,
Treinamento Mágico,Habilidade,Descanso,4 horas,5 mana,Enfeitiçado,,,
Evolução Facilitada,Habilidade,Passivo,,,Enfeitiçado,,,
Adaptação Mágica,Habilidade,Passivo,,,Enfeitiçado,,,
Prática Avançada,Habilidade,Passivo,,,Enfeitiçado,,,
Feiticeiro Supremo,Habilidade,Passivo,,,Enfeitiçado,,,
Conjuração instintiva,Habilidade,Ação,,10 PPs,Enfeitiçado,,,
Último Feitiço,Habilidade,Morrendo,,8PP por turno ativo,Enfeitiçado,,,
Feitiço de Fortalecimento,Habilidade,Ação,,5PP por turno ativo,Enfeitiçado,,,
Incendiar Arma,Magia,Ação,,3 de energia,Magia de Fogo,Em Cena,,
Bola de Fogo,Magia,Ação,,4 de energia,Magia de Fogo,Longo,,
Serpente Flamejante,Magia,Ação,,5 de energia,Magia de Fogo,Longo,,
Corpo de Fogo,Magia,Reação,,2 de energia,Magia de Fogo,Si Mesmo,,
Superaquecer,Magia,Ação,,3 de energia,Magia de Fogo,Universal,,
Euforia Flamejante,Magia,Passivo,,,Magia de Fogo,Si Mesmo,,
Manifestar Fogo,Magia,Ação,,1 de energia,Magia de Fogo,Médio,,
Cauterizar,Magia,Ação,,3 de energia,Magia de Fogo,Médio,,
Hidra Flamejante,Magia,Evolução,,,Magia de Fogo,,,
Evaporar,Magia,Reação,,2 de energia,Magia de Fogo,Corpo a Corpo,,
Liberar Superaquecimento,Magia,Ação,,5 de energia,Magia de Fogo,,,
Cortina de Fumaça,Magia,Ação,,4 de energia,Magia de Fogo,,,
Absorver Calor,Magia,Passivo,,,Magia de Fogo,Si Mesmo,,
Explosão,Magia,Reação,,3 de energia,Magia de Fogo,Corpo a Corpo,,
Erupção,Magia,Ação,,7 de anergia,Magia de Fogo,Médio,,
Fogo Sombrio,Habilidade,Passivo,,,"Magia das Sombras, Magia de Fogo",,,
Parede de Fogo,Magia,Ação,,4 de energia,Magia de Fogo,,,
Propulsão,Magia,Ação,,2 de energia por turno ativo,Magia de Fogo,,,
Punição Flamejante,Magia,Ação,,4 de energia,Magia de Fogo,Em Cena,,
Penas Da Fênix,Magia,Reação,,2 de energia,"Fogo Sagrado, Magia de Fogo",Longo,,
Renascer Das Cinzas,Magia,Morrendo,,,"Fogo Sagrado, Magia de Fogo",,,
Marca Da Fênix,Magia,"Evolução, Passivo",,,Magia de Fogo,,,
Sol de Bolso,Magia,Ação,,3 de energia por turno ativo.,"Magia de Fogo, Magia de Luz",Em Cena,,
Manifestar Ar,Magia,Ação,,1 de energia,Magia de Vento,Médio,,
Manipular Projéteis,Magia,Reação,,1 de energia,Magia de Vento,Longo,,
Foice de Vento,Magia,Ação,,4 de energia,Magia de Vento,Longo,,
Lufada de Vento,Magia,Ação,,5 de Energia,Magia de Vento,Médio,,
Armadura de Vento,Magia,Reação,,4 de energia por turno ativo,Magia de Vento,Si Mesmo,,
Passo da Ventania,Magia,"Movimento, Reação",,3 de energia,Magia de Vento,Si Mesmo,,
Golpe de Ar,Magia,Livre,,2 de energia,Magia de Vento,Longo,,
Corrente Circular,Magia,Reação,,1 de energia por turno ativo,Magia de Vento,Longo,,
Corrente Cortante,Magia,Ação,,3 de energia,Magia de Vento,Em Cena,,
Cristalizar,Habilidade,Passivo,,,Magia de Cristal,Si Mesmo,,
Ventos Revigorantes,Magia,Ação,,4 de energia,Magia de Vento,Longo,,
Sufocamento,Magia,Ação,,3  de energia+ 2 por turno ativo,Magia de Vento,Médio,,
Corrente Descendente,Magia,Ação,,5 de energia,Magia de Vento,Médio,,
Corpo de Vento,Magia,Reação,,4 de energia,Magia de Vento,Si Mesmo,,
Andar no céu,Magia,Reação,,,Magia de Vento,Si Mesmo,,
Assovio do vento,"Magia, Música",Ação,,5 de energia,Magia de Vento,Em Cena,,
Ar Puro,Magia,Reação,,,Magia de Vento,Si Mesmo,,
Aprender com a Natureza,Habilidade,Aprender,,,Monge,,,
Golpe Redemoinho,Magia,Ação,,5 de energia,Magia de Vento,Médio,,
Corrente de Tranferência,Magia,Ação,,4 de energia,Magia de Vento,Longo,,
Corpo de Pedra,Magia,Reação,,3 de energia,Magia de Terra,Médio,,
Mão de Pedra,Magia,Reação,,3 de energia,Magia de Terra,Médio,,
Postura de Monolito,Magia,Passivo,,,Magia de Terra,Si Mesmo,,
Radar Sísmico,Magia,Ação,Imediato,4 de energia,Magia de Terra,Em Cena,,
Areia Movediça,Magia,Ação,,6 de energia,Magia de Terra,Médio,,
Mergulhar na terra,Magia,Ação,,2 de energia,Magia de Terra,,,
Puxar o pé,Magia,Ação,,2 de energia,Magia de Terra,Corpo a Corpo,,
Muro de Pedra,Magia,Ação,,5 de energia,Magia de Terra,Médio,,
Espinhos de Pedra,Magia,Ação,,4 de energia,Magia de Terra,Médio,,
Prisão de pedra,Magia,Ação,,5 de energia,Magia de Terra,Médio,,
Movimento de Toupeira,Habilidade,Passivo,,,Magia de Terra,Si Mesmo,,
"Indestrutível ",Técnica inigualável,Passivo,,,Magia de Terra,Si Mesmo,,
Bloqueio sólido,Habilidade,Passivo,,,Magia de Terra,Si Mesmo,,
Impacto Meteoro,Magia,Ação,,6 de energia,Magia de Terra,,,
Pilares de Pedra,Magia,Ação,,5 de energia,Magia de Terra,Em Cena,,
Destruir Rocha,Magia,Ação,,4 de energia,Magia de Terra,Corpo a Corpo,,
Terremoto,Magia,Ação,,7 de energia,Magia de Terra,Médio,,
Arremesso de Pedregulho,Magia,Ação,,5 de energia,Magia de Terra,Médio,,
Rolamento de Rocha,Magia,Ação,,4 de energia,Magia de Terra,Longo,,
Movimento tectônico,Magia,Ação,,3 de energia,Magia de Terra,Em Cena,,
Punhal de Kaiser,Técnica inigualável,Evolução,,,Magia de Terra,Médio,,
Gerador de Pedras,Habilidade,Passivo,,,Magia de Terra,Si Mesmo,,
Moldador de Rochas,Magia,Reação,,2 de energia,Magia de Terra,Médio,,
Manifestar Terra,Magia,Ação,,1 de mana,Magia de Terra,Médio,,
Banho de Lama,Magia,Descanso,8 horas,,Magia de Terra,,,
Sentir o vento,Magia,Passivo,,,Magia de Vento,Em Cena,,
Manifestar Água,Magia,Ação,,1 de energia,Magia de Água,Médio,,
Condensar Humidade,Magia,Passivo,,,"Magia de Gelo, Magia de Água",,,
Criar Chuva,Magia,Ação,,5 de energia,Magia de Água,Em Cena,,
Jato perfurante,Magia,Ação,,3 de energia,Magia de Água,Longo,,
Fluxo cortante,Magia,Ação,,2 de energia,Magia de Água,Corpo a Corpo,,
Água é vida,Magia,Reação,,4 de energia,Magia de Água,Em Cena,,
Limpeza completa,Magia,Ação,,3 de energia,Magia de Água,Médio,,
Braços d’água,Magia,Ação,,4 de energia,Magia de Água,Médio,,
Prisão do Afogamento,Magia,Ação,,3 + 1 por turno ativo.,Magia de Água,Médio,,
Peso da água,Magia,Passivo,,,Magia de Água,Em Cena,,
Espinhos de água,Magia,Ação,," 4 de energia",Magia de Água,,,
Pulmão Aquático,Habilidade,Passivo,,,Magia de Água,,,
Ligação com a Água,Magia,Passivo,,,Magia de Água,Si Mesmo,,
Filhos do Mar,Magia,Passivo,,,Magia de Água,Em Cena,,
Fortalecimento da Águas,Magia,Ação,,5 de energia,Magia de Água,Em Cena,,
Molhar o dano,Magia,Passivo,,,Magia de Água,Em Cena,,
Chuva ácida,Magia,Evolução,,,Magia de Água,Em Cena,,
Bolha de Restauração,Magia,Ação,,4 +2 por turno ativo,Magia de Água,Corpo a Corpo,,
Águas mansas,Magia,Descanso,2 Horas,,Magia de Água,,,
Escaldar,Magia,Ação,,5 de energia,Magia de Água,Médio,,
Banho de Água fria,Magia,Ação,,5 de energia,Magia de Água,Médio,,
Tsunami,Magia,Ação,,8 de ativação + 2 por turno de espera.,Magia de Água,Médio,,
Nevasca,Magia,Ação,,4 de energia por rodada.,Magia de Gelo,Em Cena,,
"Raio, Relâmpago e Trovão",Magia,Ação,,12 de energia,Magia de Raio,Em Cena,,
Marca do Oceano,Habilidade,Passivo,,,Magia de Água,,,
Raio Congelante,Magia,Ação,,4 de energia,Magia de Gelo,Médio,,
Forja Fria,Magia,Ação,,3 de energia,Magia de Gelo,Corpo a Corpo,,
Chão Congelado,Magia,Ação,,5 de energia,Magia de Gelo,Médio,,
Extinção Glacial,Técnica inigualável,Ação,,6 de energia,Magia de Gelo,Médio,,
Crepitar Gelado,Magia,Reação,,2 de energia,Magia de Gelo,Médio,,
Parede de gelo,Magia,Ação,,5 de energia,Magia de Gelo,Médio,,
Surf no Gelo,Habilidade,Passivo,,,Magia de Gelo,Si Mesmo,,
Resfriamento,Magia,Ação,,3 de energia,Magia de Gelo,Si Mesmo,,
Névoa Gélida,Magia,Descanso,1 Hora,5 de energia,Magia de Gelo,,,
Corpo Frio,Habilidade,Passivo,,,Magia de Gelo,Si Mesmo,,
Túmulo de Gelo,Magia,Ação,,4 de energia,Magia de Gelo,Médio,,
Refresco,Magia,Reação,,3 de energia,Magia de Gelo,Corpo a Corpo,,
Frostbite,Habilidade,Passivo,,,Magia de Gelo,,,
Espelho de Diamante,Magia,Reação,,5 de energia,Magia de Gelo,Si Mesmo,,
Reflexo Gélido,Magia,Ação,,4 de energia,Magia de Gelo,Corpo a Corpo,,
Marionete Gélida,Magia,Evolução,,,Magia de Gelo,Em Cena,,
Reflexo de Cristal,Magia,Ação,,5 de energia,Magia de Cristal,Corpo a Corpo,,
Espelho de Cristal,Magia,Reação,,7 de Energia,Magia de Cristal,Si Mesmo,,
Marionete de Cristal,Magia,Evolução,,,Magia de Cristal,,,
Sarcófago de Gelo,Magia,"Ação, Passivo",,3 de energia,Magia de Gelo,,,
Punição Gélida,Habilidade,Passivo,,,Magia de Gelo,Em Cena,,
0 Absoluto,Habilidade,Passivo,,,Magia de Gelo,,,
Manifestar Gelo,Magia,Ação,,1 de  energia,Magia de Gelo,Médio,,
Manifestar Raio,Magia,Ação,,1 de energia,Magia de Raio,Médio,,
Manifestar Luz,Magia,Reação,,1 de energia,Magia de Luz,Longo,,
Reflexo Relâmpago,Magia,Reação,,4 por turno ativo,Magia de Raio,Si Mesmo,,
Raio,Magia,Ação,,2 de energia,Magia de Raio,Longo,,
Golpe Relâmpago,"Golpe, Magia",Ação,,6 de energia,Magia de Raio,Corpo a Corpo,,
Carga Elétrica,Magia,Ação,,3 de energia,Magia de Raio,Si Mesmo,,
Carga Persistente,Habilidade,Passivo,,,Magia de Raio,Si Mesmo,,
Corrente Alternada,Habilidade,Passivo,,,Magia de Raio,Si Mesmo,,
Corrente Contínua,Habilidade,Passivo,,,Magia de Raio,Si Mesmo,,
Acúmulo de Tensão,Habilidade,Passivo,,,Magia de Raio,Si Mesmo,,
Passo Luz,Magia,Movimento,,3 de energia,"Magia de Luz, Magia de Raio",,,
Descarga Elétrica,Magia,Ação,,0,Magia de Raio,Corpo a Corpo,,
Descarga Direcionada,Magia,Evolução,,,Magia de Raio,Em Cena,,
Sentido Magnético,Magia,Passivo,,,Magia de Raio,Em Cena,,
Eletricidade Estática,Magia,Movimento,,,Magia de Raio,Si Mesmo,,
Aterramento,Habilidade,Passivo,,,Magia de Raio,Si Mesmo,,
Absorver Corrente,Magia,Reação,,,Magia de Raio,Corpo a Corpo,,
Vantagem Elemental,Magia,Passivo,,,Magia de Raio,,,
Relâmpago,Magia,Passivo,,,Magia de Raio,Si Mesmo,,
Raio Bola,Magia,Ação,,4 + 2 por turno ativo.,Magia de Raio,Médio,,
Corrente Relâmpago,Magia,Ação,,3 + 1 por alvo extra.,Magia de Raio,Médio,,
Conversor Elétrico,Habilidade,Passivo,,,Magia de Raio,Si Mesmo,,
Invisibilidade,Magia,Ação,,3 de mana por turno ativo,Magia de Luz,Si Mesmo,,
Ilusão de ótica,Magia,Ação,,3 de energia + 1 por turno ativo,Magia de Luz,Em Cena,,
Reflexos Vivos,Magia,Ação,,5 de energia,Magia de Luz,Corpo a Corpo,,
Feixe Laser,Magia,Ação,,5 de energia,Magia de Luz,Em Cena,,
Emissão Amplificada,Magia,Ação,,7 de energia,Magia de Luz,Em Cena,,
Ondas de Rádio,Magia,Passivo,,,Magia de Luz,Universal,,
Onda de Calor,Magia,Ação,,5 de energia,Magia de Luz,Médio,,
Visão Infra-vermelho,Habilidade,Passivo,,,Magia de Luz,,,
Visão de Raio-x,Habilidade,Passivo,,,Magia de Luz,,,
Ataque de Radiação,Magia,Ação,,5 de energia,Magia de Luz,Longo,,
Onda Radioativa,Magia,Ação,,6 por turno ativo.,Magia de Luz,Médio,,
Irradiar,Magia,Passivo,,,Magia de Luz,Médio,,
Conversão Fotovoltaica,Magia,Passivo,,,Magia de Luz,Si Mesmo,,
Flash Bang,Magia,Ação,,3 de energia.,Magia de Luz,Em Cena,,
Luz Potente,Magia,Passivo,,,Magia de Luz,,,
Corte Luminescente,Magia,Ação,,4 de mana,Magia de Luz,Em Cena,,
Luz Purificadora,Magia,Reação,,3 de energia,Magia de Luz,Em Cena,,
Luz e Escuridão,Habilidade,Livre,,,"Magia das Sombras, Magia de Luz",,,
Forja Cristalina,Magia,Ação,,5 de energia,Magia de Cristal,Corpo a Corpo,,
Armadura de Cristal,Habilidade,Passivo,,,Magia de Cristal,Si Mesmo,,
Execução Celeste,Magia,Ação,,,Magia de Cristal,Médio,,
Reciclagem de Cristais,Habilidade,Passivo,,,Magia de Cristal,Em Cena,,
Reparar Cristal,Magia,Reação,,4 de Energia,Magia de Cristal,,,
Sepultura de Cristal,"Magia, Técnica inigualável",Ação,Imediato,X,Magia de Cristal,Corpo a Corpo,,
Pele de Cristal,Magia,Ação,,6 de energia,Magia de Cristal,Médio,,
Muralha de Cristal,Magia,Ação,,7 de energia,Magia de Cristal,Médio,,
Disparo de Cristal,Magia,Reação,,1 de energia,Magia de Cristal,Longo,,
Olhos de Cristal,Habilidade,Passivo,,,Magia de Cristal,,,
Cristalização Eficiente,Habilidade,Evolução,,,Magia de Cristal,,,
Dimensão de Cristal,"Magia, Técnica inigualável",Turno,,30 de energia,Magia de Cristal,Em Cena,,
Prisão de Cristal,Magia,Ação,,8 de energia,Magia de Cristal,Médio,,
Obelisco de Cristal,Magia,Ação,,8 de energia,Magia de Cristal,Médio,,
Trocar Coordenadas,Magia,Ação,,4 de energia,Magia Cósmica,Em Cena,,
Conhecimento Hermético,Habilidade,Aprender,,,Alquimista,Si Mesmo,,
Atrasar Impacto,Magia,Ação,,6 de energia,Magia Cósmica,Médio,,
Anti Vida,Habilidade,Reação,Imediato,,"Necromancia, Pacto da Morte",,Ligação = 1,
Favorecer Morte,Habilidade,Evolução,,,"Necromancia, Pacto da Morte",,Ligação = 13,
Dispersar espírito,Magia,Ação,,5 de energia,"Necromancia, Pacto da Morte",,Ligação = 9,
Amaldiçoar Mortal,Ritual,Ação,,5 de energia,"Necromancia, Pacto da Morte",Em Cena,Ligação = 5,
Uma Alma Por Outra,Ritual,Morrendo,,10 de Energia,"Necromancia, Pacto da Morte",Corpo a Corpo,Ligação = 17,
Explosão espectral,Habilidade Característica,Ação,,"X Almas, 3 de energia por explosão.",Necromancia,Em Cena,,
Manipulação de Almas,Habilidade Característica,"Passivo, Reação",,,Necromancia,Em Cena,,
Receptáculo Vivente,Habilidade Característica,Passivo,,,Necromancia,Si Mesmo,,
Consumir Luz,Magia,Ação,,5 de energia,Magia das Sombras,Em Cena,,
Pulso Sombrio,Magia,Ação,,5 de energia,Magia das Sombras,Em Cena,,
Capa das Sombras,Magia,Ação,,3 de energia,Magia das Sombras,Si Mesmo,,
Pacto das Memórias,Habilidade Característica,Evolução,,,"Cultista, Pacto das Memórias",Si Mesmo,,
Plantar Memória,Magia,Ação,,2 de energia,Magia da Mente,Em Cena,,
Brain Net,Magia,Ação,,3 de energia por turno ativo.,Magia da Mente,Em Cena,,
Memórias de Dor,Habilidade,Passivo,,,Magia da Mente,Si Mesmo,,
Controle Da mente,Magia,Ação,,4 de energia,Magia da Mente,,,
Ler mentes,Habilidade,Passivo,,,Magia da Mente,Em Cena,,
Vasculhar Memória,Magia,Ação,,3 de energia,Magia da Mente,Em Cena,,
Conhecimento Forçado,Habilidade,Livre,,,"Magia da Mente, Pacto das Memórias",,Ligação = 12,
"Onisciência ",Técnica inigualável,Passivo,,,"Magia da Mente, Pacto das Memórias",Si Mesmo,Ligação = 18,
Mudar Energia,Magia,Livre,Imediato,,Magia Cósmica,Si Mesmo,,
Absorver Energia,Magia,Passivo,,,Magia Cósmica,Si Mesmo,,
Teletransporte,Magia,Reação,Imediato,4 de energia,Magia Cósmica,Em Cena,,
Transporte Forçado,Magia,Evolução,Imediato,,Magia Cósmica,Em Cena,,
Teletransporte Absoluto,Técnica inigualável,Evolução,Imediato,,Magia Cósmica,Em Cena,,
Metalmorfose,Magia,Ação,,8 de energia,Magia Cósmica,Corpo a Corpo,,
Acelerar Tempo,Magia,Ação,,5 de energia,Magia Cósmica,Médio,,
Congelamento Temporal,Magia,Ação,,5 de energia por turno ativo,Magia Cósmica,Médio,,
Retroceder,Magia,"Ação, Reação",,2 de energia por turno marcado. 3 de energia ao retroceder.,Magia Cósmica,Em Cena,,
Ampliar Gravidade,Magia,Ação,,4 de energia + 3 por turno ativo.,Magia Cósmica,Médio,,
Horizonte de Eventos,Habilidade,Evolução,,,Magia Cósmica,Si Mesmo,,
Reversão de Gravidade,Magia,Evolução,,,Magia Cósmica,,,
Empurrão Gravitacional,Magia,Ação,,6 de energia,Magia Cósmica,Longo,,
Zona Temporal,Magia,Ação,,6 + 3 por turno ativo.,Magia Cósmica,Em Cena,,
Liquefação,Magia,Ação,,6 de energia,Magia Cósmica,Corpo a Corpo,,
Sentido Espacial,Habilidade,Passivo,,,Magia Cósmica,Si Mesmo,,
Sentido Temporal,Habilidade,Passivo,,,Magia Cósmica,,,
Sentido Material,Habilidade,Passivo,,,Magia Cósmica,,,
Sentido Energético,Habilidade,Passivo,,,Magia Cósmica,,,
Sopro de Vida,Magia,Ação,,3 de energia,"Druidismo, Pacto da Grande Mãe",Médio,Ligação = 2,
Presença Pura,Habilidade,Livre,,,"Druidismo, Pacto da Grande Mãe",Corpo a Corpo,Ligação = 12,
Regeneração,Habilidade,Livre,,1 de energia,"Druidismo, Pacto da Grande Mãe",Si Mesmo,Ligação = 8,
Reanimar,Magia,Turno,,10 de energia,"Druidismo, Pacto da Grande Mãe",Corpo a Corpo,Ligação = 20,
Fechar Cicatrizes,Ritual,Descanso,4 horas,,"Druidismo, Pacto da Grande Mãe",Corpo a Corpo,Ligação = 10,
Pacto da Morte,Habilidade Característica,Evolução,,,"Cultista, Pacto da Morte",Si Mesmo,,
Ritual de Assimilação,Técnica inigualável,,,,Pacto das Memórias,,Ligação = 20,
Encarnação Sombria,,,,,Pacto das Sombras,,Ligação = 20,
Pacto da Grande Mãe,Habilidade Característica,Evolução,,,"Cultista, Pacto da Grande Mãe",Si Mesmo,,
Quebrar Pacto,Habilidade,Descanso,Minutos,,Cultista,,,
Pacto,Habilidade Característica,Passivo,,,Cultista,,,
Troca Equivalente,Habilidade Característica,Livre,,"1 de energia por hora, 1 acúmulo do arsenal por componente.",Alquimista,,,
Mestre Místico,Habilidade,Evolução,,,Alquimista,Si Mesmo,,
Poção de Cura,Receita,Descanso,2 Horas,"Um pouco de água, Ervas",Alquimista,,,
Poção de Mana,Receita,Descanso,2 Horas,"Um pouco de água, Ervas, 2 de energia",Alquimista,,,
Poções maiores,Habilidade,Passivo,,,Alquimista,,,
Fogo de Alquimista,Receita,Descanso,4 horas,"Pólvora, Peças de Metal",Alquimista,,,
Hexagolem,Receita,Descanso,6 Horas,"2 Peças de Metal, 3 de energia.",Alquimista,,,
Criar Quimera,Receita,Descanso,8 horas,2 criaturas voluntárias,Alquimista,,,
Lealdade ao criador,"Compania, Habilidade",Passivo,,,Alquimista,,,
Quimerismo Avançado,Habilidade,Evolução,,,Alquimista,,,
Mestre Alquímico,Habilidade,Aprender,,,Alquimista,,,
Cura Magnética,"Magia, Ritual",Ação,,1 Acúmulo do Arsenal alquímico,Alquimista,Corpo a Corpo,,
Destino nas Cartas,Habilidade Característica,Passivo,,,Cartomante,,,
Decretos do Rei,Habilidade,Descanso,2 Horas,,Cartomante,,,
Ataque de Cartas,Habilidade,Ação,,2 de energia,Cartomante,Médio,,
Mão Quente,Habilidade,Ação,,4 de energia,Cartomante,Médio,,
Mão Parceira,Habilidade,Evolução,,,Cartomante,,,
Manter a Mão,Habilidade,Passivo,,,Cartomante,,,
JackPot,Habilidade,Ação,,5 de energia,Cartomante,Médio,,
Blefe,Habilidade,Passivo,,,Cartomante,Si Mesmo,,
Decreto da Rainha,Habilidade,Evolução,,,Cartomante,,,
Truque Do Bufão,Habilidade,Evolução,,,Cartomante,,,
Dealer,Habilidade,Livre,,3 de energia,Cartomante,,,
Embaralhar,Habilidade,Turno,,,Cartomante,,,
Previsão,Habilidade,Reação,,5 de energia,Cartomante,,,
Carta de Defesa,Habilidade,Reação,,3 de energia,Cartomante,,,
Economizar Verba,Habilidade,Evolução,,,Cartomante,,,
Passageiro do Destino,Habilidade,Morrendo,,,Cartomante,,,
Eco da Apostas,Habilidade,Livre,,5 de energia,Cartomante,,,
Apostar no Destino,Habilidade,Livre,,5 de energia,Cartomante,,,
Apostando a Vida,Habilidade,Livre,,4 de energia.,Cartomante,,,
Aposta em conjunto,Habilidade,Evolução,,,Cartomante,,,
Ás na Manga,Habilidade,Passivo,,,Cartomante,,,
Riqueza de Ouros,Habilidade,Passivo,,,Cartomante,,,
Emoção de Copas,Habilidade,Passivo,,,Cartomante,,,
Esforço de Paus,Habilidade,Passivo,,,Cartomante,,,
Força de Espadas,Habilidade,Passivo,,,Cartomante,,,
Mestre de Carteado,Habilidade,Passivo,,,Cartomante,,,
Jogatina,Habilidade,Descanso,2 Horas,,Cartomante,,,
Fim e Reinício,Habilidade,Passivo,,,Cartomante,,,